{
  "project_info": {
    "project_number": "388973436039",
    "project_id": "friendster-6d127",
    "storage_bucket": "friendster-6d127.appspot.com"
  },
  "client": [
    {
      "client_info": {
        "mobilesdk_app_id": "1:388973436039:android:dd4345a8ae35852f98ec22",
        "android_client_info": {
          "package_name": "com.example.friendster"
        }
      },
      "oauth_client": [
        {
          "client_id": "388973436039-o1ogameafv2r3hi3omg4qhh7perr21bj.apps.googleusercontent.com",
          "client_type": 3
        }
      ],
      "api_key": [
        {
          "current_key": "AIzaSyAzeyi7gOxrUcamplEVY6yHt6qRtshoAjo"
        }
      ],
      "services": {
        "appinvite_service": {
          "other_platform_oauth_client": [
            {
              "client_id": "388973436039-o1ogameafv2r3hi3omg4qhh7perr21bj.apps.googleusercontent.com",
              "client_type": 3
            }
          ]
        }
      }
    }
  ],
  "configuration_version": "1"
}